#;Company;Código;Weight;Price;Chg;% Chg
1;Nvidia;NVDA;7.34%;189.74;2.50;(1.34%)
2;Apple Inc.;AAPL;6.16%;261.71;-0.65;(-0.25%)
3;Microsoft;MSFT;5.75%;485.67;7.16;(1.50%)
4;Amazon;AMZN;4.14%;243.29;2.35;(0.98%)
5;Alphabet Inc. (Class A);GOOGL;3.21%;322.64;8.30;(2.64%)
6;Alphabet Inc. (Class C);GOOG;2.99%;323.18;8.63;(2.74%)
7;Broadcom;AVGO;2.62%;346.50;2.73;(0.79%)
8;Meta Platforms;META;2.61%;650.05;-10.57;(-1.60%)
9;Tesla, Inc.;TSLA;2.30%;435.00;2.04;(0.47%)
10;Berkshire Hathaway;BRK-B;1.70%;494.28;-4.77;(-0.96%)
11;Lilly (Eli);LLY;1.57%;1,101.22;37.18;(3.49%)
12;Walmart;WMT;1.44%;113.60;-0.74;(-0.65%)
13;JPMorgan Chase;JPM;1.42%;326.74;-7.87;(-2.35%)
14;Visa Inc.;V;1.09%;355.79;-1.77;(-0.50%)
15;Oracle Corporation;ORCL;0.88%;193.35;-0.40;(-0.20%)
16;Mastercard;MA;0.84%;584.02;3.68;(0.63%)
17;ExxonMobil;XOM;0.80%;119.11;-1.94;(-1.60%)
18;Johnson & Johnson;JNJ;0.79%;206.46;1.67;(0.82%)
19;Palantir Technologies;PLTR;0.70%;183.97;4.26;(2.37%)
20;Bank of America;BAC;0.65%;55.80;-1.45;(-2.53%)
21;AbbVie;ABBV;0.64%;228.64;4.71;(2.11%)
22;Costco;COST;0.62%;883.36;-5.74;(-0.65%)
23;Netflix;NFLX;0.61%;90.50;-0.15;(-0.17%)
24;Micron Technology;MU;0.61%;339.01;-4.42;(-1.29%)
25;Home Depot (The);HD;0.56%;350.79;1.50;(0.43%)
26;GE Aerospace;GE;0.55%;327.15;-0.39;(-0.12%)
27;Advanced Micro Devices;AMD;0.54%;209.19;-5.16;(-2.41%)
28;Procter & Gamble;PG;0.51%;138.18;-1.73;(-1.23%)
29;Chevron Corporation;CVX;0.50%;156.07;-0.47;(-0.30%)
30;UnitedHealth Group;UNH;0.49%;340.31;-8.67;(-2.48%)
31;Cisco;CSCO;0.47%;75.08;-0.16;(-0.21%)
32;Wells Fargo;WFC;0.47%;94.14;-2.25;(-2.33%)
33;Morgan Stanley;MS;0.47%;185.23;-2.52;(-1.34%)
34;Coca-Cola Company (The);KO;0.46%;67.41;-0.43;(-0.63%)
35;Goldman Sachs;GS;0.45%;943.08;-12.39;(-1.30%)
36;Caterpillar Inc.;CAT;0.45%;604.41;-18.68;(-3.00%)
37;IBM;IBM;0.44%;298.63;-3.84;(-1.27%)
38;Merck & Co.;MRK;0.43%;108.24;-0.63;(-0.58%)
39;American Express;AXP;0.42%;381.56;-2.00;(-0.52%)
40;Lam Research;LRCX;0.41%;203.32;-3.64;(-1.76%)
41;RTX Corporation;RTX;0.41%;189.80;-0.60;(-0.32%)
42;Salesforce;CRM;0.40%;267.16;4.26;(1.62%)
43;Philip Morris International;PM;0.39%;156.21;1.05;(0.67%)
44;Thermo Fisher Scientific;TMO;0.37%;619.57;-1.15;(-0.19%)
45;Applied Materials;AMAT;0.37%;292.25;-3.76;(-1.27%)
46;T-Mobile US;TMUS;0.35%;197.02;-1.58;(-0.80%)
47;Abbott Laboratories;ABT;0.35%;126.41;-1.37;(-1.07%)
48;Citigroup;C;0.35%;121.37;-1.13;(-0.92%)
49;McDonald's;MCD;0.35%;304.21;1.44;(0.47%)
50;AppLovin Corporation;APP;0.34%;636.16;18.92;(3.07%)
51;Intuitive Surgical;ISRG;0.33%;593.19;0.34;(0.06%)
52;Linde plc;LIN;0.33%;437.18;0.02;(0.00%)
53;Intel;INTC;0.32%;42.78;2.74;(6.83%)
54;Walt Disney Company (The);DIS;0.32%;113.53;-1.04;(-0.91%)
55;Qualcomm;QCOM;0.30%;177.57;-4.88;(-2.67%)
56;PepsiCo;PEP;0.30%;137.68;-1.28;(-0.92%)
57;Charles Schwab Corporation;SCHW;0.29%;102.90;-0.67;(-0.65%)
59;Amgen;AMGN;0.29%;339.04;8.87;(2.69%)
60;Intuit;INTU;0.29%;653.46;6.26;(0.97%)
61;Boeing;BA;0.29%;230.05;0.21;(0.09%)
62;Uber;UBER;0.29%;86.51;0.96;(1.13%)
63;KLA Corporation;KLAC;0.29%;1,363.24;-31.76;(-2.28%)
64;Booking Holdings;BKNG;0.28%;5,438.88;90.49;(1.69%)
65;TJX Companies;TJX;0.27%;155.28;1.36;(0.88%)
66;Amphenol;APH;0.27%;139.33;-2.05;(-1.45%)
67;AT&T;T;0.27%;23.97;-0.38;(-1.54%)
68;Texas Instruments;TXN;0.27%;186.19;-5.91;(-3.08%)
69;Verizon;VZ;0.27%;40.06;-0.24;(-0.61%)
70;Accenture;ACN;0.27%;273.60;-2.33;(-0.84%)
71;BlackRock;BLK;0.27%;1,081.84;-30.44;(-2.74%)
72;Danaher Corporation;DHR;0.26%;234.13;-2.46;(-1.04%)
73;Arista Networks;ANET;0.26%;131.14;-1.44;(-1.08%)
74;S&P Global;SPGI;0.26%;540.77;1.12;(0.21%)
75;NextEra Energy;NEE;0.26%;78.55;-2.50;(-3.08%)
76;Capital One;COF;0.26%;255.17;-2.77;(-1.08%)
77;ServiceNow;NOW;0.25%;150.94;2.13;(1.43%)
78;Gilead Sciences;GILD;0.24%;123.12;1.76;(1.45%)
79;Boston Scientific;BSX;0.23%;98.71;0.92;(0.94%)
80;Pfizer;PFE;0.23%;25.17;-0.26;(-1.01%)
81;Analog Devices;ADI;0.23%;291.01;-1.93;(-0.66%)
82;Adobe Inc.;ADBE;0.23%;339.09;3.10;(0.92%)
83;Stryker Corporation;SYK;0.22%;366.29;-0.10;(-0.03%)
84;Lowe's;LOW;0.22%;248.44;1.95;(0.79%)
85;Palo Alto Networks;PANW;0.22%;195.06;9.20;(4.95%)
86;Union Pacific Corporation;UNP;0.22%;228.40;-5.22;(-2.23%)
87;Deere & Company;DE;0.21%;476.21;-9.77;(-2.01%)
88;Welltower;WELL;0.21%;187.63;1.97;(1.06%)
89;Medtronic;MDT;0.20%;99.63;-0.68;(-0.67%)
90;Honeywell;HON;0.20%;199.59;-5.35;(-2.61%)
91;Eaton Corporation;ETN;0.20%;322.73;-10.25;(-3.08%)
92;Progressive Corporation;PGR;0.20%;212.33;-0.02;(-0.01%)
93;Vertex Pharmaceuticals;VRTX;0.20%;482.72;14.34;(3.06%)
94;CrowdStrike;CRWD;0.19%;482.73;24.41;(5.33%)
95;Chubb Limited;CB;0.19%;308.61;-0.68;(-0.22%)
96;Blackstone Inc.;BX;0.19%;155.62;-7.03;(-4.32%)
97;Prologis;PLD;0.19%;127.79;0.33;(0.26%)
98;KKR;KKR;0.19%;132.82;-3.00;(-2.21%)
99;Lockheed Martin;LMT;0.19%;510.68;-11.36;(-2.18%)
100;Newmont;NEM;0.19%;107.89;-1.31;(-1.20%)
101;ConocoPhillips;COP;0.19%;95.01;-2.10;(-2.16%)
102;Parker Hannifin;PH;0.18%;911.61;-17.15;(-1.85%)
103;Bristol Myers Squibb;BMY;0.18%;55.89;1.47;(2.70%)
104;HCA Healthcare;HCA;0.17%;473.72;-9.88;(-2.04%)
105;Robinhood Markets, Inc.;HOOD;0.17%;118.24;-3.46;(-2.84%)
106;Constellation Energy;CEG;0.17%;339.11;-15.47;(-4.36%)
107;Automatic Data Processing;ADP;0.17%;261.26;0.14;(0.05%)
108;CVS Health;CVS;0.16%;80.45;-0.25;(-0.31%)
109;McKesson Corporation;MCK;0.16%;823.58;-2.93;(-0.35%)
110;Comcast;CMCSA;0.16%;27.77;0.34;(1.26%)
111;Synopsys;SNPS;0.16%;522.15;13.38;(2.63%)
112;DoorDash;DASH;0.16%;231.34;1.96;(0.86%)
113;Starbucks;SBUX;0.16%;87.27;-2.19;(-2.45%)
114;CME Group;CME;0.15%;268.40;-0.75;(-0.28%)
115;General Dynamics;GD;0.15%;355.50;-5.21;(-1.45%)
116;Moody's Corporation;MCO;0.15%;535.35;2.45;(0.46%)
117;Southern Company;SO;0.15%;86.21;-1.31;(-1.50%)
118;Nike, Inc.;NKE;0.15%;63.70;-1.65;(-2.52%)
119;Intercontinental Exchange;ICE;0.15%;162.99;-3.02;(-1.82%)
120;Altria;MO;0.15%;54.88;-0.28;(-0.52%)
121;Duke Energy;DUK;0.14%;116.28;-1.46;(-1.24%)
122;Marsh McLennan;MMC;0.14%;183.28;-2.26;(-1.22%)
123;United Parcel Service;UPS;0.14%;105.45;0.23;(0.22%)
124;Cadence Design Systems;CDNS;0.14%;322.82;8.18;(2.60%)
125;Waste Management;WM;0.14%;217.18;-1.90;(-0.87%)
126;3M;MMM;0.14%;162.61;-3.60;(-2.16%)
127;Marriott International;MAR;0.14%;320.99;-0.88;(-0.27%)
128;Howmet Aerospace;HWM;0.14%;213.31;-1.38;(-0.65%)
129;U.S. Bancorp;USB;0.14%;54.99;-1.09;(-1.95%)
130;Northrop Grumman;NOC;0.14%;594.76;-15.85;(-2.60%)
131;PNC Financial Services;PNC;0.14%;216.36;-1.68;(-0.77%)
132;Apollo Global Management;APO;0.13%;145.89;-6.81;(-4.46%)
133;Trane Technologies;TT;0.13%;381.48;0.38;(0.10%)
134;BNY Mellon;BK;0.13%;121.20;-0.11;(-0.09%)
135;Regeneron Pharmaceuticals;REGN;0.13%;803.54;27.00;(3.48%)
136;Airbnb;ABNB;0.13%;137.80;-0.23;(-0.16%)
137;Sherwin-Williams;SHW;0.13%;333.50;-6.59;(-1.94%)
138;CRH plc;CRH;0.13%;123.56;-5.31;(-4.12%)
139;Royal Caribbean Group;RCL;0.13%;299.17;1.42;(0.48%)
140;Elevance Health;ELV;0.13%;366.72;-4.65;(-1.25%)
141;Emerson Electric;EMR;0.13%;142.96;-2.66;(-1.82%)
142;American Tower;AMT;0.13%;171.14;-4.68;(-2.66%)
143;Dell Technologies;DELL;0.13%;119.91;-4.02;(-3.25%)
144;Freeport-McMoRan;FCX;0.13%;55.18;-0.97;(-1.73%)
145;TransDigm Group;TDG;0.12%;1,389.25;4.85;(0.35%)
146;O'Reilly Auto Parts;ORLY;0.12%;91.58;1.19;(1.32%)
147;Equinix;EQIX;0.12%;781.01;-7.05;(-0.89%)
148;General Motors;GM;0.12%;81.90;-0.28;(-0.34%)
149;Ecolab;ECL;0.12%;269.38;-2.15;(-0.79%)
150;Cintas;CTAS;0.12%;188.44;1.06;(0.57%)
151;Corning Inc.;GLW;0.12%;88.15;-1.10;(-1.24%)
152;Aon;AON;0.12%;351.59;1.91;(0.55%)
154;Cummins;CMI;0.12%;542.32;-4.44;(-0.81%)
155;Cigna;CI;0.12%;280.11;-4.65;(-1.63%)
156;Williams Companies;WMB;0.12%;60.36;0.86;(1.44%)
157;FedEx;FDX;0.12%;307.81;-0.12;(-0.04%)
158;Illinois Tool Works;ITW;0.11%;248.49;-5.66;(-2.23%)
159;Warner Bros. Discovery;WBD;0.11%;28.55;0.08;(0.26%)
160;Johnson Controls;JCI;0.11%;113.47;-0.48;(-0.42%)
161;Hilton Worldwide;HLT;0.11%;296.09;2.81;(0.96%)
162;Western Digital;WDC;0.11%;200.10;-19.28;(-8.79%)
163;TE Connectivity;TEL;0.11%;230.09;-1.22;(-0.53%)
164;Seagate Technology;STX;0.11%;308.13;-22.29;(-6.75%)
165;Mondelez International;MDLZ;0.11%;51.75;-0.98;(-1.87%)
166;Arthur J. Gallagher & Co.;AJG;0.11%;258.28;-4.50;(-1.71%)
167;CSX Corporation;CSX;0.11%;35.50;-0.58;(-1.59%)
169;Coinbase Global;COIN;0.10%;244.16;-6.40;(-2.56%)
170;Quanta Services;PWR;0.10%;440.47;2.25;(0.51%)
171;Republic Services;RSG;0.10%;210.24;-0.69;(-0.33%)
172;Truist Financial;TFC;0.10%;50.65;-0.53;(-1.04%)
173;Norfolk Southern Railway;NSC;0.10%;287.33;-3.82;(-1.31%)
174;Carvana Co.;CVNA;0.10%;450.96;10.52;(2.39%)
175;Schlumberger;SLB;0.10%;42.61;-1.02;(-2.35%)
176;Travelers Companies (The);TRV;0.10%;285.12;-0.07;(-0.03%)
177;Motorola Solutions;MSI;0.10%;378.42;-2.64;(-0.69%)
178;Colgate-Palmolive;CL;0.10%;77.40;0.20;(0.26%)
179;Autodesk;ADSK;0.10%;293.52;0.35;(0.12%)
180;Paccar;PCAR;0.10%;116.61;-0.47;(-0.40%)
181;Simon Property Group;SPG;0.10%;186.02;-0.28;(-0.15%)
182;American Electric Power;AEP;0.10%;113.51;-1.53;(-1.33%)
183;Ross Stores;ROST;0.10%;186.90;-0.63;(-0.34%)
184;Kinder Morgan;KMI;0.10%;27.08;0.26;(0.97%)
185;NXP Semiconductors;NXPI;0.10%;237.55;-8.40;(-3.42%)
186;Fortinet;FTNT;0.10%;80.36;1.92;(2.45%)
187;L3Harris;LHX;0.09%;313.33;-1.14;(-0.36%)
188;Aflac;AFL;0.09%;110.99;-0.97;(-0.86%)
189;Becton Dickinson;BDX;0.09%;202.94;-2.43;(-1.18%)
190;Air Products;APD;0.09%;259.68;1.32;(0.51%)
191;Nasdaq, Inc.;NDAQ;0.09%;100.98;0.29;(0.29%)
192;Idexx Laboratories;IDXX;0.09%;717.60;10.77;(1.52%)
193;Valero Energy;VLO;0.09%;186.11;7.84;(4.40%)
194;Sempra;SRE;0.09%;86.55;-1.16;(-1.32%)
195;United Rentals;URI;0.09%;886.77;-5.33;(-0.60%)
196;EOG Resources;EOG;0.09%;103.78;-1.22;(-1.16%)
197;Zoetis;ZTS;0.09%;126.60;-2.75;(-2.13%)
198;Workday, Inc.;WDAY;0.09%;211.10;0.80;(0.38%)
199;Phillips 66;PSX;0.09%;137.01;0.35;(0.26%)
200;AutoZone;AZO;0.09%;3,330.49;85.57;(2.64%)
201;PayPal;PYPL;0.09%;58.75;-1.06;(-1.77%)
202;Allstate;ALL;0.09%;209.45;1.53;(0.73%)
203;Ford Motor Company;F;0.09%;13.69;-0.12;(-0.83%)
204;Digital Realty;DLR;0.09%;156.20;-0.58;(-0.37%)
205;Realty Income;O;0.08%;57.57;0.14;(0.25%)
206;Vistra Corp.;VST;0.08%;155.81;-13.72;(-8.09%)
207;MetLife;MET;0.08%;78.93;-2.25;(-2.78%)
208;Marathon Petroleum;MPC;0.08%;172.99;2.57;(1.51%)
210;Chipotle Mexican Grill;CMG;0.08%;38.80;0.18;(0.46%)
211;Electronic Arts;EA;0.08%;204.39;0.11;(0.06%)
212;CBRE Group;CBRE;0.08%;167.90;0.98;(0.59%)
213;Datadog;DDOG;0.08%;141.25;4.15;(3.02%)
214;Cardinal Health;CAH;0.08%;207.13;-1.35;(-0.65%)
215;Axon Enterprise;AXON;0.08%;619.36;-7.29;(-1.16%)
216;Ametek;AME;0.08%;213.19;-0.97;(-0.46%)
217;Edwards Lifesciences;EW;0.08%;84.36;-1.49;(-1.74%)
218;Dominion Energy;D;0.08%;57.17;-1.55;(-2.63%)
219;Baker Hughes;BKR;0.08%;49.03;-0.35;(-0.71%)
220;W. W. Grainger;GWW;0.08%;1,011.02;-17.97;(-1.75%)
221;Take-Two Interactive;TTWO;0.08%;256.52;2.17;(0.85%)
222;Delta Air Lines;DAL;0.08%;72.14;-0.08;(-0.11%)
223;Target Corporation;TGT;0.07%;103.78;-0.52;(-0.50%)
224;Roper Technologies;ROP;0.07%;436.18;-0.36;(-0.08%)
225;Fastenal;FAST;0.07%;40.78;-0.76;(-1.84%)
226;Public Storage;PSA;0.07%;266.42;-3.90;(-1.44%)
227;Ameriprise Financial;AMP;0.07%;498.45;-11.79;(-2.31%)
228;Rockwell Automation;ROK;0.07%;410.34;-3.02;(-0.73%)
229;Corteva;CTVA;0.07%;68.20;-1.17;(-1.68%)
230;Monolithic Power Systems;MPWR;0.07%;945.13;-60.25;(-5.99%)
231;Carrier Global;CARR;0.07%;53.52;0.02;(0.03%)
232;ONEOK;OKE;0.07%;71.12;0.25;(0.35%)
233;MSCI;MSCI;0.07%;586.78;-0.18;(-0.03%)
234;Exelon;EXC;0.07%;43.08;-0.76;(-1.73%)
235;Block, Inc.;XYZ;0.07%;71.32;1.32;(1.88%)
236;Xcel Energy;XEL;0.07%;73.22;-1.21;(-1.63%)
237;American International Group;AIG;0.07%;77.79;-0.28;(-0.37%)
238;Yum! Brands;YUM;0.07%;150.60;-0.81;(-0.54%)
239;Carnival;CCL;0.07%;31.81;-0.49;(-1.50%)
240;Las Vegas Sands;LVS;0.07%;61.69;-2.09;(-3.28%)
241;Agilent Technologies;A;0.07%;146.57;-1.03;(-0.70%)
242;IQVIA;IQV;0.07%;243.86;3.33;(1.39%)
243;Entergy;ETR;0.07%;91.73;-1.59;(-1.71%)
244;Prudential Financial;PRU;0.07%;116.84;-0.83;(-0.71%)
245;D. R. Horton;DHI;0.07%;140.37;-4.13;(-2.86%)
246;eBay;EBAY;0.06%;90.18;-1.33;(-1.45%)
247;Cognizant;CTSH;0.06%;84.15;-0.47;(-0.56%)
248;Occidental Petroleum;OXY;0.06%;41.19;-0.55;(-1.32%)
249;Garmin;GRMN;0.06%;210.17;0.82;(0.39%)
250;Diamondback Energy;FANG;0.06%;140.71;-3.76;(-2.60%)
251;Paychex;PAYX;0.06%;112.16;0.94;(0.84%)
252;Microchip Technology;MCHP;0.06%;73.12;-1.75;(-2.34%)
254;Public Service Enterprise Group;PEG;0.06%;77.81;-0.79;(-1.01%)
255;Vulcan Materials Company;VMC;0.06%;292.61;-7.25;(-2.42%)
256;Hartford (The);HIG;0.06%;136.63;-0.30;(-0.22%)
257;Nucor;NUE;0.06%;166.15;-3.20;(-1.89%)
258;Ares Management Corporation;ARES;0.06%;172.33;-3.67;(-2.09%)
259;Targa Resources;TRGP;0.06%;176.76;-1.16;(-0.65%)
260;United Airlines Holdings;UAL;0.06%;117.17;-0.36;(-0.31%)
261;Kroger;KR;0.06%;59.88;-1.86;(-3.01%)
262;Estée Lauder Companies (The);EL;0.06%;104.95;-3.60;(-3.32%)
263;Fair Isaac;FICO;0.06%;1,592.75;-7.21;(-0.45%)
264;Martin Marietta Materials;MLM;0.06%;625.90;-20.34;(-3.15%)
265;Crown Castle;CCI;0.06%;86.19;-0.94;(-1.08%)
266;Wabtec;WAB;0.06%;219.01;-1.93;(-0.88%)
267;Copart;CPRT;0.06%;38.33;-0.63;(-1.61%)
268;Fiserv, Inc.;FI;0.06%;68.97;0.21;(0.31%)
269;State Street Corporation;STT;0.06%;132.61;-1.72;(-1.28%)
270;Keurig Dr Pepper;KDP;0.06%;27.22;-0.13;(-0.46%)
271;Hershey Company (The);HSY;0.06%;181.27;1.99;(1.11%)
272;Keysight Technologies;KEYS;0.06%;213.24;-0.40;(-0.19%)
273;Comfort Systems USA, Inc.;FIX;0.06%;1,035.59;0.48;(0.05%)
274;Expedia Group;EXPE;0.06%;297.95;-1.26;(-0.42%)
275;ResMed;RMD;0.06%;248.66;-0.53;(-0.21%)
276;Ventas;VTR;0.06%;76.45;0.30;(0.40%)
277;Consolidated Edison;ED;0.06%;99.03;-0.29;(-0.29%)
278;Sysco;SYY;0.06%;73.08;0.06;(0.09%)
279;Old Dominion;ODFL;0.06%;167.23;-1.65;(-0.97%)
280;Fidelity National Information Services;FIS;0.06%;67.04;-0.01;(-0.01%)
281;Otis Worldwide;OTIS;0.06%;89.02;-0.87;(-0.97%)
282;Teradyne;TER;0.06%;221.02;-7.82;(-3.42%)
283;PG&E Corporation;PCG;0.05%;15.70;-0.45;(-2.82%)
284;Arch Capital Group;ACGL;0.05%;94.73;0.80;(0.86%)
285;WEC Energy Group;WEC;0.05%;104.75;-1.20;(-1.14%)
286;Xylem Inc.;XYL;0.05%;139.85;-1.48;(-1.05%)
287;Live Nation Entertainment;LYV;0.05%;145.58;0.05;(0.04%)
288;EQT Corporation;EQT;0.05%;54.05;0.64;(1.20%)
289;Humana;HUM;0.05%;277.24;-2.60;(-0.93%)
290;Raymond James Financial;RJF;0.05%;165.07;-3.79;(-2.25%)
291;Ingersoll Rand;IR;0.05%;82.13;-1.30;(-1.56%)
292;Fifth Third Bancorp;FITB;0.05%;49.09;-0.69;(-1.39%)
293;Kimberly-Clark;KMB;0.05%;97.71;0.07;(0.07%)
294;M&T Bank;MTB;0.05%;209.06;-2.27;(-1.07%)
295;Kenvue;KVUE;0.05%;16.76;0.01;(0.04%)
296;Interactive Brokers Group;IBKR;0.05%;72.05;-0.83;(-1.14%)
298;Dollar General;DG;0.05%;143.66;-1.03;(-0.71%)
299;Synchrony Financial;SYF;0.05%;87.77;-0.70;(-0.79%)
300;Verisk Analytics;VRSK;0.05%;220.97;-0.26;(-0.12%)
301;Hewlett Packard Enterprise;HPE;0.05%;22.66;-1.13;(-4.77%)
302;Mettler Toledo;MTD;0.05%;1,465.59;-19.56;(-1.32%)
303;Vici Properties;VICI;0.05%;27.65;-0.21;(-0.74%)
304;EMCOR Group, Inc.;EME;0.05%;653.90;-2.04;(-0.31%)
305;Ulta Beauty;ULTA;0.05%;656.44;6.38;(0.98%)
306;Rollins, Inc.;ROL;0.05%;59.73;0.22;(0.37%)
307;NRG Energy;NRG;0.05%;149.67;-9.96;(-6.24%)
308;Huntington Bancshares;HBAN;0.05%;18.11;-0.19;(-1.06%)
309;Extra Space Storage;EXR;0.05%;134.08;-1.39;(-1.02%)
310;Archer Daniels Midland;ADM;0.04%;58.41;-2.08;(-3.44%)
311;Dover Corporation;DOV;0.04%;200.73;-2.78;(-1.36%)
312;Dexcom;DXCM;0.04%;70.29;0.40;(0.57%)
313;Kraft Heinz;KHC;0.04%;23.13;-0.39;(-1.64%)
314;Tapestry, Inc.;TPR;0.04%;132.89;-0.29;(-0.22%)
315;CoStar Group;CSGP;0.04%;64.16;-3.04;(-4.53%)
316;Charter Communications;CHTR;0.04%;209.34;-1.28;(-0.61%)
317;Northern Trust;NTRS;0.04%;142.97;-1.15;(-0.80%)
318;Biogen;BIIB;0.04%;184.23;1.62;(0.89%)
319;Brown & Brown;BRO;0.04%;78.77;-1.50;(-1.87%)
320;Cboe Global Markets;CBOE;0.04%;256.87;6.78;(2.71%)
321;Ameren;AEE;0.04%;99.33;-1.28;(-1.27%)
322;Atmos Energy;ATO;0.04%;165.89;-1.66;(-0.99%)
323;DTE Energy;DTE;0.04%;128.05;-1.99;(-1.53%)
324;Tractor Supply;TSCO;0.04%;50.11;-0.21;(-0.41%)
325;Citizens Financial Group;CFG;0.04%;61.15;-0.99;(-1.59%)
326;Equifax;EFX;0.04%;212.79;0.54;(0.25%)
327;Dollar Tree;DLTR;0.04%;130.87;-2.91;(-2.18%)
328;W. R. Berkley Corporation;WRB;0.04%;68.40;-1.59;(-2.28%)
329;Iron Mountain;IRM;0.04%;87.62;2.74;(3.23%)
330;Lennar;LEN;0.04%;104.65;-1.71;(-1.61%)
331;First Solar;FSLR;0.04%;240.59;-28.19;(-10.49%)
332;Broadridge Financial Solutions;BR;0.04%;220.88;-0.82;(-0.37%)
333;Halliburton;HAL;0.04%;30.59;-0.24;(-0.78%)
334;FirstEnergy;FE;0.04%;44.36;-0.48;(-1.07%)
335;AvalonBay Communities;AVB;0.04%;180.87;-2.88;(-1.56%)
336;Cincinnati Financial;CINF;0.04%;163.30;1.17;(0.72%)
337;PPL Corporation;PPL;0.04%;34.43;-0.47;(-1.33%)
338;Steris;STE;0.04%;259.41;-0.62;(-0.24%)
340;Leidos;LDOS;0.04%;198.72;1.22;(0.62%)
342;Teledyne Technologies;TDY;0.04%;532.42;-0.31;(-0.06%)
343;Lululemon Athletica;LULU;0.04%;212.98;-2.90;(-1.34%)
344;American Water Works;AWK;0.04%;127.97;-1.00;(-0.78%)
345;Regions Financial Corporation;RF;0.04%;28.48;-0.23;(-0.82%)
346;Hubbell Incorporated;HUBB;0.04%;469.83;-7.63;(-1.60%)
347;Constellation Brands;STZ;0.04%;142.28;-1.37;(-0.95%)
348;Steel Dynamics;STLD;0.04%;169.09;-3.65;(-2.11%)
349;Eversource Energy;ES;0.04%;65.69;-1.72;(-2.55%)
350;CenterPoint Energy;CNP;0.04%;37.68;-0.57;(-1.48%)
351;ON Semiconductor;ON;0.04%;60.86;-0.90;(-1.45%)
352;Omnicom Group;OMC;0.04%;77.14;-2.49;(-3.13%)
353;Jabil;JBL;0.04%;224.94;0.56;(0.25%)
354;Equity Residential;EQR;0.04%;62.34;-0.07;(-0.11%)
355;Waters Corporation;WAT;0.04%;397.06;-3.48;(-0.87%)
356;PPG Industries;PPG;0.04%;103.91;-1.73;(-1.64%)
357;T. Rowe Price;TROW;0.04%;106.33;-2.68;(-2.46%)
358;KeyCorp;KEY;0.04%;21.35;-0.23;(-1.04%)
359;General Mills;GIS;0.04%;43.38;-0.47;(-1.06%)
360;Williams-Sonoma;WSM;0.04%;193.11;-3.90;(-1.98%)
361;PulteGroup;PHM;0.04%;118.18;-2.98;(-2.46%)
362;Darden Restaurants;DRI;0.04%;199.64;-0.62;(-0.31%)
363;Edison International;EIX;0.04%;59.15;-1.36;(-2.25%)
364;Verisign;VRSN;0.04%;243.95;-2.25;(-0.92%)
365;Centene Corporation;CNC;0.04%;45.66;-0.08;(-0.17%)
367;Southwest Airlines;LUV;0.04%;42.83;0.35;(0.81%)
368;Ralph Lauren Corporation;RL;0.03%;362.32;-0.90;(-0.25%)
369;Loews Corporation;L;0.03%;105.61;0.42;(0.40%)
370;Incyte;INCY;0.03%;110.67;4.01;(3.76%)
371;Devon Energy;DVN;0.03%;34.62;-1.27;(-3.55%)
372;LabCorp;LH;0.03%;255.52;-4.88;(-1.88%)
373;CMS Energy;CMS;0.03%;69.47;-0.91;(-1.29%)
374;International Paper;IP;0.03%;40.03;-0.97;(-2.37%)
375;Insulet Corporation;PODD;0.03%;298.09;3.73;(1.27%)
376;Expeditors International;EXPD;0.03%;156.28;-1.22;(-0.77%)
377;PTC Inc.;PTC;0.03%;175.03;0.02;(0.01%)
378;Smurfit WestRock;SW;0.03%;39.63;-1.32;(-3.23%)
379;NetApp;NTAP;0.03%;104.04;-2.58;(-2.42%)
380;Church & Dwight;CHD;0.03%;84.41;-1.11;(-1.30%)
381;West Pharmaceutical Services;WST;0.03%;280.41;-0.43;(-0.15%)
382;Principal Financial Group;PFG;0.03%;91.12;-0.68;(-0.74%)
383;Quest Diagnostics;DGX;0.03%;178.45;-2.02;(-1.12%)
384;Tyson Foods;TSN;0.03%;56.02;0.05;(0.09%)
385;Texas Pacific Land Corporation;TPL;0.03%;286.19;-7.63;(-2.60%)
386;NVR, Inc.;NVR;0.03%;7,178.33;-61.40;(-0.85%)
387;NiSource;NI;0.03%;41.42;-0.46;(-1.11%)
388;J.B. Hunt;JBHT;0.03%;205.84;0.30;(0.14%)
389;Amcor;AMCR;0.03%;8.48;-0.10;(-1.11%)
390;C.H. Robinson;CHRW;0.03%;165.12;-2.54;(-1.51%)
391;SBA Communications;SBAC;0.03%;182.65;-5.47;(-2.91%)
392;Tyler Technologies;TYL;0.03%;449.65;5.99;(1.35%)
393;HP Inc.;HPQ;0.03%;21.05;-1.10;(-4.99%)
394;Trimble Inc.;TRMB;0.03%;80.33;-1.22;(-1.50%)
395;Albemarle Corporation;ALB;0.03%;162.34;4.19;(2.65%)
396;Coterra;CTRA;0.03%;25.01;-0.07;(-0.26%)
397;Packaging Corporation of America;PKG;0.03%;208.64;-3.08;(-1.45%)
400;Snap-on;SNA;0.03%;355.40;-2.34;(-0.65%)
401;Zimmer Biomet;ZBH;0.03%;92.81;-1.94;(-2.05%)
402;Global Payments;GPN;0.03%;77.61;0.58;(0.75%)
403;DuPont;DD;0.03%;42.78;-0.66;(-1.53%)
404;Supermicro;SMCI;0.03%;29.89;-0.65;(-2.13%)
405;Lennox International;LII;0.03%;507.99;-11.86;(-2.28%)
406;Bunge Global;BG;0.03%;92.00;-2.36;(-2.50%)
407;Aptiv;APTV;0.03%;81.81;-0.80;(-0.97%)
408;Gartner;IT;0.03%;244.85;0.07;(0.03%)
409;Dow Inc.;DOW;0.03%;24.75;-0.77;(-3.00%)
410;McCormick & Company;MKC;0.03%;65.41;-0.94;(-1.42%)
411;International Flavors & Fragrances;IFF;0.03%;67.30;-1.57;(-2.29%)
412;Fortive;FTV;0.03%;54.25;-1.20;(-2.16%)
413;Genuine Parts Company;GPC;0.03%;123.03;-1.47;(-1.18%)
414;CDW;CDW;0.03%;129.80;-4.54;(-3.38%)
415;Hologic;HOLX;0.03%;74.95;0.03;(0.05%)
416;Weyerhaeuser;WY;0.03%;23.18;-0.81;(-3.40%)
417;Evergy;EVRG;0.03%;72.56;-0.54;(-0.73%)
418;Alliant Energy;LNT;0.03%;64.51;-0.88;(-1.34%)
419;Pentair;PNR;0.03%;100.50;-3.97;(-3.80%)
420;Cooper Companies (The);COO;0.03%;83.54;-0.78;(-0.92%)
421;Essex Property Trust;ESS;0.03%;253.20;-3.41;(-1.33%)
422;Jacobs Solutions;J;0.03%;136.91;-0.76;(-0.56%)
423;Gen Digital;GEN;0.03%;26.18;-0.04;(-0.13%)
424;Invitation Homes;INVH;0.03%;26.26;-1.84;(-6.56%)
425;GoDaddy;GDDY;0.03%;118.59;-1.23;(-1.03%)
427;Mid-America Apartment Communities;MAA;0.03%;135.33;-2.84;(-2.06%)
428;Textron;TXT;0.03%;89.48;-0.59;(-0.66%)
429;Fox Corporation (Class B);FOX;0.02%;66.46;-1.27;(-1.88%)
430;F5, Inc.;FFIV;0.02%;267.11;-3.53;(-1.31%)
431;Fox Corporation (Class A);FOXA;0.02%;74.34;-1.77;(-2.33%)
432;Deckers Brands;DECK;0.02%;103.65;-3.81;(-3.54%)
433;Erie Indemnity;ERIE;0.02%;284.04;-1.47;(-0.52%)
434;Solventum;SOLV;0.02%;84.02;0.86;(1.03%)
435;Best Buy;BBY;0.02%;69.12;-3.05;(-4.23%)
436;Viatris;VTRS;0.02%;12.49;0.08;(0.69%)
438;LyondellBasell;LYB;0.02%;44.58;-1.62;(-3.50%)
439;Huntington Ingalls Industries;HII;0.02%;363.01;-4.59;(-1.25%)
440;Nordson Corporation;NDSN;0.02%;252.92;0.92;(0.37%)
441;Moderna;MRNA;0.02%;35.99;0.33;(0.93%)
442;Avery Dennison;AVY;0.02%;180.75;-1.29;(-0.71%)
444;Kimco Realty;KIM;0.02%;20.43;0.09;(0.42%)
445;Domino's;DPZ;0.02%;406.50;-0.00;(-0.00%)
446;Allegion;ALLE;0.02%;159.00;-2.84;(-1.76%)
448;IDEX Corporation;IEX;0.02%;180.72;-3.16;(-1.72%)
449;Jack Henry & Associates;JKHY;0.02%;186.68;1.12;(0.60%)
450;Masco;MAS;0.02%;63.85;-2.18;(-3.31%)
451;Franklin Resources;BEN;0.02%;25.38;0.26;(1.03%)
452;Universal Health Services;UHS;0.02%;209.28;-12.46;(-5.62%)
453;Regency Centers;REG;0.02%;70.35;0.73;(1.05%)
454;Akamai Technologies;AKAM;0.02%;88.00;-0.74;(-0.83%)
455;Zebra Technologies;ZBRA;0.02%;248.34;-9.28;(-3.60%)
456;Clorox;CLX;0.02%;101.64;1.03;(1.02%)
457;Hormel Foods;HRL;0.02%;22.54;-0.32;(-1.38%)
458;Invesco;IVZ;0.02%;27.63;-0.62;(-2.19%)
459;Host Hotels & Resorts;HST;0.02%;17.83;-0.44;(-2.38%)
460;Hasbro;HAS;0.02%;87.10;-0.14;(-0.16%)
461;Stanley Black & Decker;SWK;0.02%;78.86;-1.91;(-2.36%)
462;Wynn Resorts;WYNN;0.02%;117.26;-3.27;(-2.71%)
463;UDR, Inc.;UDR;0.02%;36.85;-0.27;(-0.71%)
464;EPAM Systems;EPAM;0.02%;217.99;-0.39;(-0.18%)
465;Align Technology;ALGN;0.02%;166.93;-0.73;(-0.44%)
466;CF Industries;CF;0.02%;76.71;-2.74;(-3.45%)
467;Assurant;AIZ;0.02%;237.31;1.69;(0.72%)
468;Healthpeak Properties;DOC;0.02%;17.00;0.50;(3.00%)
470;Builders FirstSource;BLDR;0.02%;105.86;-5.40;(-4.85%)
472;Camden Property Trust;CPT;0.02%;109.09;-1.23;(-1.11%)
473;Globe Life;GL;0.02%;140.27;0.63;(0.45%)
475;Norwegian Cruise Line Holdings;NCLH;0.02%;24.08;0.27;(1.16%)
476;FactSet;FDS;0.02%;293.06;0.27;(0.09%)
477;Charles River Laboratories;CRL;0.02%;216.18;0.07;(0.03%)
478;BXP, Inc.;BXP;0.02%;66.42;-1.68;(-2.47%)
479;Pinnacle West;PNW;0.02%;87.62;-1.63;(-1.83%)
480;Baxter International;BAX;0.02%;20.33;-0.23;(-1.09%)
481;AES Corporation;AES;0.02%;14.55;-0.36;(-2.38%)
482;J.M. Smucker Company (The);SJM;0.02%;95.45;-0.46;(-0.48%)
483;Bio-Techne;TECH;0.02%;64.65;-0.63;(-0.97%)
484;News Corp (Class A);NWSA;0.02%;26.35;-0.12;(-0.43%)
485;MGM Resorts;MGM;0.02%;34.81;-0.93;(-2.59%)
486;A. O. Smith;AOS;0.02%;67.68;-0.97;(-1.41%)
487;Henry Schein;HSIC;0.01%;78.01;-0.54;(-0.69%)
488;Molina Healthcare;MOH;0.01%;177.99;-6.74;(-3.65%)
489;Alexandria Real Estate Equities;ARE;0.01%;52.41;0.03;(0.05%)
490;Molson Coors Beverage Company;TAP;0.01%;45.64;-0.55;(-1.18%)
491;Pool Corporation;POOL;0.01%;236.58;-2.80;(-1.17%)
492;Federal Realty Investment Trust;FRT;0.01%;102.15;1.23;(1.22%)
493;Skyworks Solutions;SWKS;0.01%;58.57;-7.70;(-11.62%)
494;Paycom;PAYC;0.01%;157.78;1.23;(0.79%)
495;APA Corporation;APA;0.01%;23.51;-0.37;(-1.55%)
496;Generac;GNRC;0.01%;141.92;-3.35;(-2.30%)
497;Mosaic Company (The);MOS;0.01%;24.97;-0.19;(-0.76%)
498;DaVita;DVA;0.01%;112.17;-2.55;(-2.22%)
499;Campbell Soup Company;CPB;0.01%;26.28;-0.74;(-2.72%)
500;Conagra Brands;CAG;0.01%;16.31;-0.55;(-3.23%)
501;Match Group;MTCH;0.01%;32.38;-0.35;(-1.08%)
502;Lamb Weston;LW;0.01%;40.59;-0.93;(-2.25%)
503;News Corp (Class B);NWS;0.01%;30.08;-0.02;(-0.07%)